Date,Close/Last
02/28/2020,$273.36
02/27/2020,$273.52
02/26/2020,$292.65
02/25/2020,$288.08
02/24/2020,$298.18
02/21/2020,$313.05
02/20/2020,$320.3
02/19/2020,$323.62
02/18/2020,$319
02/14/2020,$324.95
02/13/2020,$324.87
02/12/2020,$327.2
02/11/2020,$319.61
02/10/2020,$321.55
02/07/2020,$320.03
02/06/2020,$325.21
02/05/2020,$321.45
02/04/2020,$318.85
02/03/2020,$308.66
01/31/2020,$309.51
01/30/2020,$323.87
01/29/2020,$324.34
01/28/2020,$317.69
01/27/2020,$308.95
01/24/2020,$318.31
01/23/2020,$319.23
01/22/2020,$317.7
01/21/2020,$316.57
01/17/2020,$318.73
01/16/2020,$315.24
01/15/2020,$311.34
01/14/2020,$312.68
01/13/2020,$316.96
01/10/2020,$310.33
01/09/2020,$309.63
01/08/2020,$303.19
01/07/2020,$298.39
01/06/2020,$299.8
01/03/2020,$297.43
01/02/2020,$300.35
12/31/2019,$293.65
12/30/2019,$291.52
12/27/2019,$289.8
12/26/2019,$289.91
12/24/2019,$284.27
12/23/2019,$284
12/20/2019,$279.44
12/19/2019,$280.02
12/18/2019,$279.74
12/17/2019,$280.41
12/16/2019,$279.86
12/13/2019,$275.15
12/12/2019,$271.46
12/11/2019,$270.77
12/10/2019,$268.48
12/09/2019,$266.92
12/06/2019,$270.71
12/05/2019,$265.58
12/04/2019,$261.74
12/03/2019,$259.45
12/02/2019,$264.16
11/29/2019,$267.25
11/27/2019,$267.84
11/26/2019,$264.29
11/25/2019,$266.37
11/22/2019,$261.78
11/21/2019,$262.01
11/20/2019,$263.19
11/19/2019,$266.29
11/18/2019,$267.1
11/15/2019,$265.76
11/14/2019,$262.64
11/13/2019,$264.47
11/12/2019,$261.96
11/11/2019,$262.2
11/08/2019,$260.14
11/07/2019,$259.43
11/06/2019,$257.24
11/05/2019,$257.13
11/04/2019,$257.5
11/01/2019,$255.82
10/31/2019,$248.76
10/30/2019,$243.26
10/29/2019,$243.29
10/28/2019,$249.05
10/25/2019,$246.58
10/24/2019,$243.58
10/23/2019,$243.18
10/22/2019,$239.96
10/21/2019,$240.51
10/18/2019,$236.41
10/17/2019,$235.28
10/16/2019,$234.37
10/15/2019,$235.32
10/14/2019,$235.87
10/11/2019,$236.21
10/10/2019,$230.09
10/09/2019,$227.03
10/08/2019,$224.4
10/07/2019,$227.06
10/04/2019,$227.01
10/03/2019,$220.82
10/02/2019,$218.96
10/01/2019,$224.59
09/30/2019,$223.97
09/27/2019,$218.82
09/26/2019,$219.89
09/25/2019,$221.03
09/24/2019,$217.68
09/23/2019,$218.72
09/20/2019,$217.73
09/19/2019,$220.96
09/18/2019,$222.77
09/17/2019,$220.7
09/16/2019,$219.9
09/13/2019,$218.75
09/12/2019,$223.085
09/11/2019,$223.59
09/10/2019,$216.7
09/09/2019,$214.17
09/06/2019,$213.26
09/05/2019,$213.28
09/04/2019,$209.19
09/03/2019,$205.7
08/30/2019,$208.74
08/29/2019,$209.01
08/28/2019,$205.53
08/27/2019,$204.16
08/26/2019,$206.49
08/23/2019,$202.64
08/22/2019,$212.46
08/21/2019,$212.64
08/20/2019,$210.36
08/19/2019,$210.35
08/16/2019,$206.5
08/15/2019,$201.74
08/14/2019,$202.75
08/13/2019,$208.97
08/12/2019,$200.48
08/09/2019,$200.99
08/08/2019,$203.43
08/07/2019,$199.04
08/06/2019,$197
08/05/2019,$193.34
08/02/2019,$204.02
08/01/2019,$208.43
07/31/2019,$213.04
07/30/2019,$208.78
07/29/2019,$209.68
07/26/2019,$207.74
07/25/2019,$207.02
07/24/2019,$208.67
07/23/2019,$208.84
07/22/2019,$207.22
07/19/2019,$202.59
07/18/2019,$205.66
07/17/2019,$203.35
07/16/2019,$204.5
07/15/2019,$205.21
07/12/2019,$203.3
07/11/2019,$201.75
07/10/2019,$203.23
07/09/2019,$201.24
07/08/2019,$200.02
07/05/2019,$204.23
07/03/2019,$204.41
07/02/2019,$202.73
07/01/2019,$201.55
06/28/2019,$197.92
06/27/2019,$199.74
06/26/2019,$199.8
06/25/2019,$195.57
06/24/2019,$198.58
06/21/2019,$198.78
06/20/2019,$199.46
06/19/2019,$197.87
06/18/2019,$198.45
06/17/2019,$193.89
06/14/2019,$192.74
06/13/2019,$194.15
06/12/2019,$194.19
06/11/2019,$194.81
06/10/2019,$192.58
06/07/2019,$190.15
06/06/2019,$185.22
06/05/2019,$182.54
06/04/2019,$179.64
06/03/2019,$173.3
05/31/2019,$175.07
05/30/2019,$178.3
05/29/2019,$177.38
05/28/2019,$178.23
05/24/2019,$178.97
05/23/2019,$179.66
05/22/2019,$182.78
05/21/2019,$186.6
05/20/2019,$183.09
05/17/2019,$189
05/16/2019,$190.08
05/15/2019,$190.92
05/14/2019,$188.66
05/13/2019,$185.72
05/10/2019,$197.18
05/09/2019,$200.72
05/08/2019,$202.9
05/07/2019,$202.86
05/06/2019,$208.48
05/03/2019,$211.75
05/02/2019,$209.15
05/01/2019,$210.52
04/30/2019,$200.67
04/29/2019,$204.61
04/26/2019,$204.3
04/25/2019,$205.28
04/24/2019,$207.16
04/23/2019,$207.48
04/22/2019,$204.53
04/18/2019,$203.86
04/17/2019,$203.13
04/16/2019,$199.25
04/15/2019,$199.23
04/12/2019,$198.87
04/11/2019,$198.95
04/10/2019,$200.62
04/09/2019,$199.5
04/08/2019,$200.1
04/05/2019,$197
04/04/2019,$195.69
04/03/2019,$195.35
04/02/2019,$194.02
04/01/2019,$191.24
03/29/2019,$189.95
03/28/2019,$188.72
03/27/2019,$188.47
03/26/2019,$186.79
03/25/2019,$188.74
03/22/2019,$191.05
03/21/2019,$195.09
03/20/2019,$188.16
03/19/2019,$186.53
03/18/2019,$188.02
03/15/2019,$186.12
03/14/2019,$183.73
03/13/2019,$181.71
03/12/2019,$180.91
03/11/2019,$178.9
03/08/2019,$172.91
03/07/2019,$172.5
03/06/2019,$174.52
03/05/2019,$175.53
03/04/2019,$175.85
03/01/2019,$174.97
02/28/2019,$173.15
02/27/2019,$174.87
02/26/2019,$174.33
02/25/2019,$174.23
02/22/2019,$172.97
02/21/2019,$171.06
02/20/2019,$172.03
02/19/2019,$170.93
02/15/2019,$170.42
02/14/2019,$170.8
02/13/2019,$170.18
02/12/2019,$170.89
02/11/2019,$169.43
02/08/2019,$170.41
02/07/2019,$170.94
02/06/2019,$174.24
02/05/2019,$174.18
02/04/2019,$171.25
02/01/2019,$166.52
01/31/2019,$166.44
01/30/2019,$165.25
01/29/2019,$154.68
01/28/2019,$156.3
01/25/2019,$157.76
01/24/2019,$152.7
01/23/2019,$153.92
01/22/2019,$153.3
01/18/2019,$156.82
01/17/2019,$155.86
01/16/2019,$154.94
01/15/2019,$153.07
01/14/2019,$150
01/11/2019,$152.29
01/10/2019,$153.8
01/09/2019,$153.31
01/08/2019,$150.75
01/07/2019,$147.93
01/04/2019,$148.26
01/03/2019,$142.19
01/02/2019,$157.92
12/31/2018,$157.74
12/28/2018,$156.23
12/27/2018,$156.15
12/26/2018,$157.17
12/24/2018,$146.83
12/21/2018,$150.73
12/20/2018,$156.83
12/19/2018,$160.89
12/18/2018,$166.07
12/17/2018,$163.94
12/14/2018,$165.48
12/13/2018,$170.95
12/12/2018,$169.1
12/11/2018,$168.63
12/10/2018,$169.6
12/07/2018,$168.49
12/06/2018,$174.72
12/04/2018,$176.69
12/03/2018,$184.82
11/30/2018,$178.58
11/29/2018,$179.55
11/28/2018,$180.94
11/27/2018,$174.24
11/26/2018,$174.62
11/23/2018,$172.29
11/21/2018,$176.78
11/20/2018,$176.98
11/19/2018,$185.86
11/16/2018,$193.53
11/15/2018,$191.41
11/14/2018,$186.8
11/13/2018,$192.23
11/12/2018,$194.17
11/09/2018,$204.47
11/08/2018,$208.49
11/07/2018,$209.95
11/06/2018,$203.77
11/05/2018,$201.59
11/02/2018,$207.48
11/01/2018,$222.22
10/31/2018,$218.86
10/30/2018,$213.3
10/29/2018,$212.24
10/26/2018,$216.3
10/25/2018,$219.8
10/24/2018,$215.09
10/23/2018,$222.73
10/22/2018,$220.65
10/19/2018,$219.31
10/18/2018,$216.02
10/17/2018,$221.19
10/16/2018,$222.15
10/15/2018,$217.36
10/12/2018,$222.11
10/11/2018,$214.45
10/10/2018,$216.36
10/09/2018,$226.87
10/08/2018,$223.77
10/05/2018,$224.29
10/04/2018,$227.99
10/03/2018,$232.07
10/02/2018,$229.28
10/01/2018,$227.26
09/28/2018,$225.74
09/27/2018,$224.95
09/26/2018,$220.42
09/25/2018,$222.19
09/24/2018,$220.79
09/21/2018,$217.66
09/20/2018,$220.03
09/19/2018,$218.37
09/18/2018,$218.24
09/17/2018,$217.88
09/14/2018,$223.84
09/13/2018,$226.41
09/12/2018,$221.07
09/11/2018,$223.85
09/10/2018,$218.33
09/07/2018,$221.3
09/06/2018,$223.1
09/05/2018,$226.87
09/04/2018,$228.36
08/31/2018,$227.63
08/30/2018,$225.03
08/29/2018,$222.98
08/28/2018,$219.7
08/27/2018,$217.94
08/24/2018,$216.16
08/23/2018,$215.49
08/22/2018,$215.05
08/21/2018,$215.04
08/20/2018,$215.46
08/17/2018,$217.58
08/16/2018,$213.32
08/15/2018,$210.24
08/14/2018,$209.75
08/13/2018,$208.87
08/10/2018,$207.53
08/09/2018,$208.88
08/08/2018,$207.25
08/07/2018,$207.11
08/06/2018,$209.07
08/03/2018,$207.99
08/02/2018,$207.39
08/01/2018,$201.5
07/31/2018,$190.29
07/30/2018,$189.91
07/27/2018,$190.98
07/26/2018,$194.21
07/25/2018,$194.82
07/24/2018,$193
07/23/2018,$191.61
07/20/2018,$191.44
07/19/2018,$191.88
07/18/2018,$190.4
07/17/2018,$191.45
07/16/2018,$190.91
07/13/2018,$191.33
07/12/2018,$191.03
07/11/2018,$187.88
07/10/2018,$190.35
07/09/2018,$190.58
07/06/2018,$187.97
07/05/2018,$185.4
07/03/2018,$183.92
07/02/2018,$187.18
06/29/2018,$185.11
06/28/2018,$185.5
06/27/2018,$184.16
06/26/2018,$184.43
06/25/2018,$182.17
06/22/2018,$184.92
06/21/2018,$185.46
06/20/2018,$186.5
06/19/2018,$185.69
06/18/2018,$188.74
06/15/2018,$188.84
06/14/2018,$190.8
06/13/2018,$190.7
06/12/2018,$192.28
06/11/2018,$191.23
06/08/2018,$191.7
06/07/2018,$193.46
06/06/2018,$193.98
06/05/2018,$193.31
06/04/2018,$191.83
06/01/2018,$190.24
05/31/2018,$186.87
05/30/2018,$187.5
05/29/2018,$187.9
05/25/2018,$188.58
05/24/2018,$188.15
05/23/2018,$188.36
05/22/2018,$187.16
05/21/2018,$187.63
05/18/2018,$186.31
05/17/2018,$186.99
05/16/2018,$188.18
05/15/2018,$186.44
05/14/2018,$188.15
05/11/2018,$188.59
05/10/2018,$190.04
05/09/2018,$187.36
05/08/2018,$186.05
05/07/2018,$185.16
05/04/2018,$183.83
05/03/2018,$176.89
05/02/2018,$176.57
05/01/2018,$169.1
04/30/2018,$165.26
04/27/2018,$162.32
04/26/2018,$164.22
04/25/2018,$163.65
04/24/2018,$162.94
04/23/2018,$165.24
04/20/2018,$165.72
04/19/2018,$172.8
04/18/2018,$177.84
04/17/2018,$178.24
04/16/2018,$175.82
04/13/2018,$174.73
04/12/2018,$174.14
04/11/2018,$172.44
04/10/2018,$173.25
04/09/2018,$170.05
04/06/2018,$168.38
04/05/2018,$172.8
04/04/2018,$171.61
04/03/2018,$168.39
04/02/2018,$166.68
03/29/2018,$167.78
03/28/2018,$166.48
03/27/2018,$168.34
03/26/2018,$172.77
03/23/2018,$164.94
03/22/2018,$168.85
03/21/2018,$171.27
03/20/2018,$175.24
03/19/2018,$175.3
03/16/2018,$178.02
03/15/2018,$178.65
03/14/2018,$178.44
03/13/2018,$179.97
03/12/2018,$181.72
03/09/2018,$179.98
03/08/2018,$176.94
03/07/2018,$175.03
03/06/2018,$176.67
03/05/2018,$176.82
03/02/2018,$176.21
03/01/2018,$175
02/28/2018,$178.12
02/27/2018,$178.39
02/26/2018,$178.97
02/23/2018,$175.5
02/22/2018,$172.5
02/21/2018,$171.07
02/20/2018,$171.85
02/16/2018,$172.43
02/15/2018,$172.99
02/14/2018,$167.37
02/13/2018,$164.34
02/12/2018,$162.71
02/09/2018,$156.41
02/08/2018,$155.15
02/07/2018,$159.54
02/06/2018,$163.03
02/05/2018,$156.49
02/02/2018,$160.5
02/01/2018,$167.78
01/31/2018,$167.43
01/30/2018,$166.97
01/29/2018,$167.96
01/26/2018,$171.51
01/25/2018,$171.11
01/24/2018,$174.22
01/23/2018,$177.04
01/22/2018,$177
01/19/2018,$178.46
01/18/2018,$179.26
01/17/2018,$179.1
01/16/2018,$176.19
01/12/2018,$177.09
01/11/2018,$175.28
01/10/2018,$174.29
01/09/2018,$174.33
01/08/2018,$174.35
01/05/2018,$175
01/04/2018,$173.03
01/03/2018,$172.23
01/02/2018,$172.26
12/29/2017,$169.23
12/28/2017,$171.08
12/27/2017,$170.6
12/26/2017,$170.57
12/22/2017,$175.01
12/21/2017,$175.01
12/20/2017,$174.35
12/19/2017,$174.54
12/18/2017,$176.42
12/15/2017,$173.97
12/14/2017,$172.22
12/13/2017,$172.27
12/12/2017,$171.7
12/11/2017,$172.67
12/08/2017,$169.37
12/07/2017,$169.32
12/06/2017,$169.01
12/05/2017,$169.64
12/04/2017,$169.8
12/01/2017,$171.05
11/30/2017,$171.85
11/29/2017,$169.48
11/28/2017,$173.07
11/27/2017,$174.09
11/24/2017,$174.97
11/22/2017,$174.96
11/21/2017,$173.14
11/20/2017,$169.98
11/17/2017,$170.15
11/16/2017,$171.1
11/15/2017,$169.08
11/14/2017,$171.34
11/13/2017,$173.97
11/10/2017,$174.67
11/09/2017,$175.88
11/08/2017,$176.24
11/07/2017,$174.81
11/06/2017,$174.25
11/03/2017,$172.5
11/02/2017,$168.11
11/01/2017,$166.89
10/31/2017,$169.04
10/30/2017,$166.72
10/27/2017,$163.05
10/26/2017,$157.41
10/25/2017,$156.41
10/24/2017,$157.1
10/23/2017,$156.17
10/20/2017,$156.25
10/19/2017,$155.98
10/18/2017,$159.76
10/17/2017,$160.47
10/16/2017,$159.88
10/13/2017,$156.99
10/12/2017,$156
10/11/2017,$156.55
10/10/2017,$155.9
10/09/2017,$155.84
10/06/2017,$155.3
10/05/2017,$155.39
10/04/2017,$153.48
10/03/2017,$154.48
10/02/2017,$153.81
09/29/2017,$154.12
09/28/2017,$153.28
09/27/2017,$154.23
09/26/2017,$153.14
09/25/2017,$150.55
09/22/2017,$151.89
09/21/2017,$153.39
09/20/2017,$156.07
09/19/2017,$158.73
09/18/2017,$158.67
09/15/2017,$159.88
09/14/2017,$158.28
09/13/2017,$159.65
09/12/2017,$160.86
09/11/2017,$161.5
09/08/2017,$158.63
09/07/2017,$161.26
09/06/2017,$161.91
09/05/2017,$162.08
09/01/2017,$164.05
08/31/2017,$164
08/30/2017,$163.35
08/29/2017,$162.91
08/28/2017,$161.47
08/25/2017,$159.86
08/24/2017,$159.27
08/23/2017,$159.98
08/22/2017,$159.78
08/21/2017,$157.21
08/18/2017,$157.5
08/17/2017,$157.86
08/16/2017,$160.95
08/15/2017,$161.6
08/14/2017,$159.85
08/11/2017,$157.48
08/10/2017,$155.32
08/09/2017,$161.06
08/08/2017,$160.08
08/07/2017,$158.81
08/04/2017,$156.39
08/03/2017,$155.57
08/02/2017,$157.14
08/01/2017,$150.05
07/31/2017,$148.73
07/28/2017,$149.5
07/27/2017,$150.56
07/26/2017,$153.46
07/25/2017,$152.74
07/24/2017,$152.09
07/21/2017,$150.27
07/20/2017,$150.34
07/19/2017,$151.02
07/18/2017,$150.08
07/17/2017,$149.56
07/14/2017,$149.04
07/13/2017,$147.77
07/12/2017,$145.74
07/11/2017,$145.53
07/10/2017,$145.06
07/07/2017,$144.18
07/06/2017,$142.73
07/05/2017,$144.09
07/03/2017,$143.5
06/30/2017,$144.02
06/29/2017,$143.68
06/28/2017,$145.83
06/27/2017,$143.73
06/26/2017,$145.82
06/23/2017,$146.28
06/22/2017,$145.63
06/21/2017,$145.87
06/20/2017,$145.01
06/19/2017,$146.34
06/16/2017,$142.27
06/15/2017,$144.29
06/14/2017,$145.16
06/13/2017,$146.59
06/12/2017,$145.42
06/09/2017,$148.98
06/08/2017,$154.99
06/07/2017,$155.37
06/06/2017,$154.45
06/05/2017,$153.93
06/02/2017,$155.45
06/01/2017,$153.18
05/31/2017,$152.76
05/30/2017,$153.67
05/26/2017,$153.61
05/25/2017,$153.87
05/24/2017,$153.34
05/23/2017,$153.8
05/22/2017,$153.99
05/19/2017,$153.06
05/18/2017,$152.54
05/17/2017,$150.25
05/16/2017,$155.47
05/15/2017,$155.7
05/12/2017,$156.1
05/11/2017,$153.95
05/10/2017,$153.26
05/09/2017,$153.99
05/08/2017,$153.01
05/05/2017,$148.96
05/04/2017,$146.53
05/03/2017,$147.06
05/02/2017,$147.51
05/01/2017,$146.58
04/28/2017,$143.65
04/27/2017,$143.79
04/26/2017,$143.68
04/25/2017,$144.53
04/24/2017,$143.64
04/21/2017,$142.27
04/20/2017,$142.44
04/19/2017,$140.68
04/18/2017,$141.2
04/17/2017,$141.83
04/13/2017,$141.05
04/12/2017,$141.8
04/11/2017,$141.63
04/10/2017,$143.17
04/07/2017,$143.34
04/06/2017,$143.66
04/05/2017,$144.02
04/04/2017,$144.77
04/03/2017,$143.7
03/31/2017,$143.66
03/30/2017,$143.93
03/29/2017,$144.12
03/28/2017,$143.8
03/27/2017,$140.88
03/24/2017,$140.64
03/23/2017,$140.92
03/22/2017,$141.42
03/21/2017,$139.84
03/20/2017,$141.46
03/17/2017,$139.99
03/16/2017,$140.69
03/15/2017,$140.46
03/14/2017,$138.99
03/13/2017,$139.2
03/10/2017,$139.14
03/09/2017,$138.68
03/08/2017,$139
03/07/2017,$139.52
03/06/2017,$139.34
03/03/2017,$139.78
03/02/2017,$138.96
03/01/2017,$139.79
02/28/2017,$136.99
02/27/2017,$136.93
02/24/2017,$136.66
02/23/2017,$136.53
02/22/2017,$137.11
02/21/2017,$136.7
02/17/2017,$135.72
02/16/2017,$135.345
02/15/2017,$135.51
02/14/2017,$135.02
02/13/2017,$133.29
02/10/2017,$132.12
02/09/2017,$132.42
02/08/2017,$132.04
02/07/2017,$131.53
02/06/2017,$130.29
02/03/2017,$129.08
02/02/2017,$128.53
02/01/2017,$128.75
01/31/2017,$121.35
01/30/2017,$121.63
01/27/2017,$121.95
01/26/2017,$121.94
01/25/2017,$121.88
01/24/2017,$119.97
01/23/2017,$120.08
01/20/2017,$120
01/19/2017,$119.78
01/18/2017,$119.99
01/17/2017,$120
01/13/2017,$119.04
01/12/2017,$119.25
01/11/2017,$119.75
01/10/2017,$119.11
01/09/2017,$118.99
01/06/2017,$117.91
01/05/2017,$116.61
01/04/2017,$116.02
01/03/2017,$116.15
12/30/2016,$115.82
12/29/2016,$116.73
12/28/2016,$116.76
12/27/2016,$117.26
12/23/2016,$116.52
12/22/2016,$116.29
12/21/2016,$117.06
12/20/2016,$116.95
12/19/2016,$116.64
12/16/2016,$115.97
12/15/2016,$115.82
12/14/2016,$115.19
12/13/2016,$115.19
12/12/2016,$113.3
12/09/2016,$113.95
12/08/2016,$112.12
12/07/2016,$111.03
12/06/2016,$109.95
12/05/2016,$109.11
12/02/2016,$109.9
12/01/2016,$109.49
11/30/2016,$110.52
11/29/2016,$111.46
11/28/2016,$111.57
11/25/2016,$111.79
11/23/2016,$111.23
11/22/2016,$111.8
11/21/2016,$111.73
11/18/2016,$110.06
11/17/2016,$109.95
11/16/2016,$109.99
11/15/2016,$107.11
11/14/2016,$105.71
11/11/2016,$108.43
11/10/2016,$107.79
11/09/2016,$110.88
11/08/2016,$111.06
11/07/2016,$110.41
11/04/2016,$108.84
11/03/2016,$109.83
11/02/2016,$111.59
11/01/2016,$111.49
10/31/2016,$113.54
10/28/2016,$113.72
10/27/2016,$114.48
10/26/2016,$115.59
10/25/2016,$118.25
10/24/2016,$117.65
10/21/2016,$116.6
10/20/2016,$117.06
10/19/2016,$117.12
10/18/2016,$117.47
10/17/2016,$117.55
10/14/2016,$117.63
10/13/2016,$116.98
10/12/2016,$117.34
10/11/2016,$116.3
10/10/2016,$116.05
10/07/2016,$114.06
10/06/2016,$113.89
10/05/2016,$113.05
10/04/2016,$113
10/03/2016,$112.52
09/30/2016,$113.05
09/29/2016,$112.18
09/28/2016,$113.95
09/27/2016,$113.09
09/26/2016,$112.88
09/23/2016,$112.71
09/22/2016,$114.62
09/21/2016,$113.55
09/20/2016,$113.57
09/19/2016,$113.58
09/16/2016,$114.92
09/15/2016,$115.57
09/14/2016,$111.77
09/13/2016,$107.95
09/12/2016,$105.44
09/09/2016,$103.13
09/08/2016,$105.52
09/07/2016,$108.36
09/06/2016,$107.7
09/02/2016,$107.73
09/01/2016,$106.73
08/31/2016,$106.1
08/30/2016,$106
08/29/2016,$106.82
08/26/2016,$106.94
08/25/2016,$107.57
08/24/2016,$108.03
08/23/2016,$108.85
08/22/2016,$108.51
08/19/2016,$109.36
08/18/2016,$109.08
08/17/2016,$109.22
08/16/2016,$109.38
08/15/2016,$109.48
08/12/2016,$108.18
08/11/2016,$107.93
08/10/2016,$108
08/09/2016,$108.81
08/08/2016,$108.37
08/05/2016,$107.48
08/04/2016,$105.87
08/03/2016,$105.79
08/02/2016,$104.48
08/01/2016,$106.05
07/29/2016,$104.21
07/28/2016,$104.34
07/27/2016,$102.95
07/26/2016,$96.67
07/25/2016,$97.34
07/22/2016,$98.66
07/21/2016,$99.43
07/20/2016,$99.96
07/19/2016,$99.87
07/18/2016,$99.83
07/15/2016,$98.78
07/14/2016,$98.79
07/13/2016,$96.87
07/12/2016,$97.42
07/11/2016,$96.98
07/08/2016,$96.68
07/07/2016,$95.94
07/06/2016,$95.53
07/05/2016,$94.99
07/01/2016,$95.89
06/30/2016,$95.6
06/29/2016,$94.4
06/28/2016,$93.59
06/27/2016,$92.04
06/24/2016,$93.4
06/23/2016,$96.1
06/22/2016,$95.55
06/21/2016,$95.91
06/20/2016,$95.1
06/17/2016,$95.33
06/16/2016,$97.55
06/15/2016,$97.14
06/14/2016,$97.46
06/13/2016,$97.34
06/10/2016,$98.83
06/09/2016,$99.65
06/08/2016,$98.94
06/07/2016,$99.03
06/06/2016,$98.63
06/03/2016,$97.92
06/02/2016,$97.72
06/01/2016,$98.46
05/31/2016,$99.86
05/27/2016,$100.35
05/26/2016,$100.41
05/25/2016,$99.62
05/24/2016,$97.9
05/23/2016,$96.43
05/20/2016,$95.22
05/19/2016,$94.2
05/18/2016,$94.56
05/17/2016,$93.49
05/16/2016,$93.88
05/13/2016,$90.52
05/12/2016,$90.34
05/11/2016,$92.51
05/10/2016,$93.42
05/09/2016,$92.79
05/06/2016,$92.72
05/05/2016,$93.24
05/04/2016,$94.19
05/03/2016,$95.18
05/02/2016,$93.64
04/29/2016,$93.74
04/28/2016,$94.83
04/27/2016,$97.82
04/26/2016,$104.35
04/25/2016,$105.08
04/22/2016,$105.68
04/21/2016,$105.97
04/20/2016,$107.13
04/19/2016,$106.91
04/18/2016,$107.48
04/15/2016,$109.85
04/14/2016,$112.1
04/13/2016,$112.04
04/12/2016,$110.44
04/11/2016,$109.02
04/08/2016,$108.66
04/07/2016,$108.54
04/06/2016,$110.96
04/05/2016,$109.81
04/04/2016,$111.12
04/01/2016,$109.99
03/31/2016,$108.99
03/30/2016,$109.56
03/29/2016,$107.68
03/28/2016,$105.19
03/24/2016,$105.67
03/23/2016,$106.13
03/22/2016,$106.72
03/21/2016,$105.91
03/18/2016,$105.92
03/17/2016,$105.8
03/16/2016,$105.97
03/15/2016,$104.58
03/14/2016,$102.52
03/11/2016,$102.26
03/10/2016,$101.17
03/09/2016,$101.12
03/08/2016,$101.03
03/07/2016,$101.87
03/04/2016,$103.01
03/03/2016,$101.5
03/02/2016,$100.75
03/01/2016,$100.53
02/29/2016,$96.69
02/26/2016,$96.91
02/25/2016,$96.76
02/24/2016,$96.1
02/23/2016,$94.69
02/22/2016,$96.88
02/19/2016,$96.04
02/18/2016,$96.26
02/17/2016,$98.12
02/16/2016,$96.64
02/12/2016,$93.99
02/11/2016,$93.7
02/10/2016,$94.27
02/09/2016,$94.99
02/08/2016,$95.01
02/05/2016,$94.02
02/04/2016,$96.6
02/03/2016,$96.35
02/02/2016,$94.48
02/01/2016,$96.43
01/29/2016,$97.34
01/28/2016,$94.09
01/27/2016,$93.42
01/26/2016,$99.99
01/25/2016,$99.44
01/22/2016,$101.42
01/21/2016,$96.3
01/20/2016,$96.79
01/19/2016,$96.66
01/15/2016,$97.13
01/14/2016,$99.52
01/13/2016,$97.39
01/12/2016,$99.96
01/11/2016,$98.53
01/08/2016,$96.96
01/07/2016,$96.45
01/06/2016,$100.7
01/05/2016,$102.71
01/04/2016,$105.35
12/31/2015,$105.26
12/30/2015,$107.32
12/29/2015,$108.74
12/28/2015,$106.82
12/24/2015,$108.03
12/23/2015,$108.61
12/22/2015,$107.23
12/21/2015,$107.33
12/18/2015,$106.03
12/17/2015,$108.98
12/16/2015,$111.34
12/15/2015,$110.49
12/14/2015,$112.48
12/11/2015,$113.18
12/10/2015,$116.17
12/09/2015,$115.62
12/08/2015,$118.23
12/07/2015,$118.28
12/04/2015,$119.03
12/03/2015,$115.2
12/02/2015,$116.28
12/01/2015,$117.34
11/30/2015,$118.3
11/27/2015,$117.81
11/25/2015,$118.03
11/24/2015,$118.88
11/23/2015,$117.75
11/20/2015,$119.3
11/19/2015,$118.78
11/18/2015,$117.29
11/17/2015,$113.69
11/16/2015,$114.175
11/13/2015,$112.34
11/12/2015,$115.72
11/11/2015,$116.11
11/10/2015,$116.77
11/09/2015,$120.57
11/06/2015,$121.06
11/05/2015,$120.92
11/04/2015,$122
11/03/2015,$122.57
11/02/2015,$121.18
10/30/2015,$119.5
10/29/2015,$120.53
10/28/2015,$119.27
10/27/2015,$114.55
10/26/2015,$115.28
10/23/2015,$119.08
10/22/2015,$115.5
10/21/2015,$113.76
10/20/2015,$113.77
10/19/2015,$111.73
10/16/2015,$111.04
10/15/2015,$111.86
10/14/2015,$110.21
10/13/2015,$111.79
10/12/2015,$111.6
10/09/2015,$112.12
10/08/2015,$109.5
10/07/2015,$110.78
10/06/2015,$111.31
10/05/2015,$110.78
10/02/2015,$110.38
10/01/2015,$109.58
09/30/2015,$110.3
09/29/2015,$109.06
09/28/2015,$112.44
09/25/2015,$114.71
09/24/2015,$115
09/23/2015,$114.32
09/22/2015,$113.4
09/21/2015,$115.21
09/18/2015,$113.45
09/17/2015,$113.92
09/16/2015,$116.41
09/15/2015,$116.28
09/14/2015,$115.31
09/11/2015,$114.21
09/10/2015,$112.57
09/09/2015,$110.15
09/08/2015,$112.31
09/04/2015,$109.27
09/03/2015,$110.37
09/02/2015,$112.34
09/01/2015,$107.72
08/31/2015,$112.76
08/28/2015,$113.29
08/27/2015,$112.92
08/26/2015,$109.69
08/25/2015,$103.74
08/24/2015,$103.12
08/21/2015,$105.76
08/20/2015,$112.65
08/19/2015,$115.01
08/18/2015,$116.5
08/17/2015,$117.16
08/14/2015,$115.96
08/13/2015,$115.15
08/12/2015,$115.24
08/11/2015,$113.49
08/10/2015,$119.72
08/07/2015,$115.52
08/06/2015,$115.13
08/05/2015,$115.4
08/04/2015,$114.64
08/03/2015,$118.44
07/31/2015,$121.3
07/30/2015,$122.37
07/29/2015,$122.99
07/28/2015,$123.38
07/27/2015,$122.77
07/24/2015,$124.5
07/23/2015,$125.16
07/22/2015,$125.22
07/21/2015,$130.75
07/20/2015,$132.07
07/17/2015,$129.62
07/16/2015,$128.51
07/15/2015,$126.82
07/14/2015,$125.61
07/13/2015,$125.66
07/10/2015,$123.28
07/09/2015,$120.07
07/08/2015,$122.57
07/07/2015,$125.69
07/06/2015,$126
07/02/2015,$126.44
07/01/2015,$126.6
06/30/2015,$125.425
06/29/2015,$124.53
06/26/2015,$126.75
06/25/2015,$127.5
06/24/2015,$128.11
06/23/2015,$127.03
06/22/2015,$127.61
06/19/2015,$126.6
06/18/2015,$127.88
06/17/2015,$127.3
06/16/2015,$127.6
06/15/2015,$126.92
06/12/2015,$127.17
06/11/2015,$128.59
06/10/2015,$128.88
06/09/2015,$127.42
06/08/2015,$127.8
06/05/2015,$128.65
06/04/2015,$129.36
06/03/2015,$130.12
06/02/2015,$129.96
06/01/2015,$130.535
05/29/2015,$130.28
05/28/2015,$131.78
05/27/2015,$132.045
05/26/2015,$129.62
05/22/2015,$132.54
05/21/2015,$131.39
05/20/2015,$130.06
05/19/2015,$130.07
05/18/2015,$130.19
05/15/2015,$128.77
05/14/2015,$128.95
05/13/2015,$126.01
05/12/2015,$125.865
05/11/2015,$126.32
05/08/2015,$127.62
05/07/2015,$125.26
05/06/2015,$125.01
05/05/2015,$125.8
05/04/2015,$128.7
05/01/2015,$128.95
04/30/2015,$125.15
04/29/2015,$128.64
04/28/2015,$130.56
04/27/2015,$132.65
04/24/2015,$130.28
04/23/2015,$129.67
04/22/2015,$128.62
04/21/2015,$126.91
04/20/2015,$127.6
04/17/2015,$124.75
04/16/2015,$126.17
04/15/2015,$126.78
04/14/2015,$126.3
04/13/2015,$126.85
04/10/2015,$127.1
04/09/2015,$126.56
04/08/2015,$125.6
04/07/2015,$126.01
04/06/2015,$127.35
04/02/2015,$125.32
04/01/2015,$124.25
03/31/2015,$124.43
03/30/2015,$126.37
03/27/2015,$123.25
03/26/2015,$124.24
03/25/2015,$123.38
03/24/2015,$126.69
03/23/2015,$127.21
03/20/2015,$125.9
03/19/2015,$127.495
03/18/2015,$128.47
03/17/2015,$127.04
03/16/2015,$124.95
03/13/2015,$123.59
03/12/2015,$124.45
03/11/2015,$122.24
03/10/2015,$124.51
03/09/2015,$127.14
03/06/2015,$126.6
03/05/2015,$126.41
03/04/2015,$128.54
03/03/2015,$129.36
03/02/2015,$129.09
02/27/2015,$128.46
02/26/2015,$130.415
02/25/2015,$128.79
02/24/2015,$132.17
02/23/2015,$133
02/20/2015,$129.495
02/19/2015,$128.45
02/18/2015,$128.715
02/17/2015,$127.83
02/13/2015,$127.08
02/12/2015,$126.46
02/11/2015,$124.88
02/10/2015,$122.02
02/09/2015,$119.72
02/06/2015,$118.93
02/05/2015,$119.94
02/04/2015,$119.56
02/03/2015,$118.65
02/02/2015,$118.63
01/30/2015,$117.16
01/29/2015,$118.9
01/28/2015,$115.31
01/27/2015,$109.14
01/26/2015,$113.1
01/23/2015,$112.98
01/22/2015,$112.4
01/21/2015,$109.55
01/20/2015,$108.72
01/16/2015,$105.99
01/15/2015,$106.82
01/14/2015,$109.8
01/13/2015,$110.22
01/12/2015,$109.25
01/09/2015,$112.01
01/08/2015,$111.89
01/07/2015,$107.75
01/06/2015,$106.26
01/05/2015,$106.25
01/02/2015,$109.33
12/31/2014,$110.38
12/30/2014,$112.52
12/29/2014,$113.91
12/26/2014,$113.99
12/24/2014,$112.01
12/23/2014,$112.54
12/22/2014,$112.94
12/19/2014,$111.78
12/18/2014,$112.65
12/17/2014,$109.41
12/16/2014,$106.745
12/15/2014,$108.225
12/12/2014,$109.73
12/11/2014,$111.62
12/10/2014,$111.95
12/09/2014,$114.12
12/08/2014,$112.4
12/05/2014,$115
12/04/2014,$115.49
12/03/2014,$115.93
12/02/2014,$114.63
12/01/2014,$115.07
11/28/2014,$118.93
11/26/2014,$119
11/25/2014,$117.6
11/24/2014,$118.625
11/21/2014,$116.47
11/20/2014,$116.31
11/19/2014,$114.67
11/18/2014,$115.47
11/17/2014,$113.99
11/14/2014,$114.18
11/13/2014,$112.82
11/12/2014,$111.25
11/11/2014,$109.7
11/10/2014,$108.83
11/07/2014,$109.01
11/06/2014,$108.7
11/05/2014,$108.86
11/04/2014,$108.6
11/03/2014,$109.4
10/31/2014,$108
10/30/2014,$106.98
10/29/2014,$107.34
10/28/2014,$106.74
10/27/2014,$105.11
10/24/2014,$105.22
10/23/2014,$104.83
10/22/2014,$102.99
10/21/2014,$102.47
10/20/2014,$99.76
10/17/2014,$97.67
10/16/2014,$96.26
10/15/2014,$97.54
10/14/2014,$98.75
10/13/2014,$99.81
10/10/2014,$100.73
10/09/2014,$101.02
10/08/2014,$100.8
10/07/2014,$98.75
10/06/2014,$99.62
10/03/2014,$99.62
10/02/2014,$99.9
10/01/2014,$99.18
09/30/2014,$100.75
09/29/2014,$100.11
09/26/2014,$100.75
09/25/2014,$97.87
09/24/2014,$101.75
09/23/2014,$102.64
09/22/2014,$101.06
09/19/2014,$100.96
09/18/2014,$101.79
09/17/2014,$101.58
09/16/2014,$100.86
09/15/2014,$101.63
09/12/2014,$101.66
09/11/2014,$101.43
09/10/2014,$101
09/09/2014,$97.99
09/08/2014,$98.36
09/05/2014,$98.97
09/04/2014,$98.12
09/03/2014,$98.94
09/02/2014,$103.3
08/29/2014,$102.5
08/28/2014,$102.25
08/27/2014,$102.13
08/26/2014,$100.889
08/25/2014,$101.54
08/22/2014,$101.32
08/21/2014,$100.58
08/20/2014,$100.57
08/19/2014,$100.53
08/18/2014,$99.16
08/15/2014,$97.98
08/14/2014,$97.5
08/13/2014,$97.24
08/12/2014,$95.97
08/11/2014,$95.99
08/08/2014,$94.74
08/07/2014,$94.48
08/06/2014,$94.96
08/05/2014,$95.12
08/04/2014,$95.59
08/01/2014,$96.13
07/31/2014,$95.6
07/30/2014,$98.15
07/29/2014,$98.38
07/28/2014,$99.02
07/25/2014,$97.671
07/24/2014,$97.03
07/23/2014,$97.19
07/22/2014,$94.72
07/21/2014,$93.939
07/18/2014,$94.43
07/17/2014,$93.0899
07/16/2014,$94.78
07/15/2014,$95.32
07/14/2014,$96.45
07/11/2014,$95.22
07/10/2014,$95.035
07/09/2014,$95.39
07/08/2014,$95.35
07/07/2014,$95.968
07/03/2014,$94.03
07/02/2014,$93.48
07/01/2014,$93.52
06/30/2014,$92.93
06/27/2014,$91.98
06/26/2014,$90.9
06/25/2014,$90.36
06/24/2014,$90.28
06/23/2014,$90.83
06/20/2014,$90.91
06/19/2014,$91.86
06/18/2014,$92.18
06/17/2014,$92.08
06/16/2014,$92.2
06/13/2014,$91.28
06/12/2014,$92.29
06/11/2014,$93.86
06/10/2014,$94.25
06/09/2014,$93.7
06/06/2014,$92.2243
06/05/2014,$92.4785
06/04/2014,$92.1171
06/03/2014,$91.0771
06/02/2014,$89.8071
05/30/2014,$90.4285
05/29/2014,$90.7685
05/28/2014,$89.1443
05/27/2014,$89.3757
05/23/2014,$87.7328
05/22/2014,$86.7528
05/21/2014,$86.6157
05/20/2014,$86.3871
05/19/2014,$86.37
05/16/2014,$85.3585
05/15/2014,$84.1171
05/14/2014,$84.8385
05/13/2014,$84.8228
05/12/2014,$84.69
05/09/2014,$83.6489
05/08/2014,$83.9985
05/07/2014,$84.6185
05/06/2014,$84.9157
05/05/2014,$85.8514
05/02/2014,$84.6543
05/01/2014,$84.4971
04/30/2014,$84.2985
04/29/2014,$84.6185
04/28/2014,$84.87
04/25/2014,$81.7057
04/24/2014,$81.11
04/23/2014,$74.9643
04/22/2014,$75.957
04/21/2014,$75.8814
04/17/2014,$74.9914
04/16/2014,$74.1443
04/15/2014,$73.9942
04/14/2014,$74.5257
04/11/2014,$74.23
04/10/2014,$74.7828
04/09/2014,$75.76
04/08/2014,$74.7771
04/07/2014,$74.7814
04/04/2014,$75.9743
04/03/2014,$76.97
04/02/2014,$77.5071
04/01/2014,$77.3785
03/31/2014,$76.6771
03/28/2014,$76.6943
03/27/2014,$76.78
03/26/2014,$77.1114
03/25/2014,$77.8557
03/24/2014,$77.0271
03/21/2014,$76.1243
03/20/2014,$75.5285
03/19/2014,$75.8943
03/18/2014,$75.9143
03/17/2014,$75.2485
03/14/2014,$74.9557
03/13/2014,$75.8071
03/12/2014,$76.6585
03/11/2014,$76.5843
03/10/2014,$75.8457
03/07/2014,$75.7771
03/06/2014,$75.8214
03/05/2014,$76.0514
03/04/2014,$75.8914
03/03/2014,$75.3943
02/28/2014,$75.1771
02/27/2014,$75.3814
02/26/2014,$73.9071
02/25/2014,$74.58
02/24/2014,$75.3643
02/21/2014,$75.0357
02/20/2014,$75.8785
02/19/2014,$76.7671
02/18/2014,$77.9985
02/14/2014,$77.7128
02/13/2014,$77.7757
02/12/2014,$76.56
02/11/2014,$76.5657
02/10/2014,$75.57
02/07/2014,$74.24
02/06/2014,$73.2157
02/05/2014,$73.2271
02/04/2014,$72.6843
02/03/2014,$71.6471
01/31/2014,$71.5143
01/30/2014,$71.3974
01/29/2014,$71.5357
01/28/2014,$72.3571
01/27/2014,$78.6428
01/24/2014,$78.01
01/23/2014,$79.4543
01/22/2014,$78.7871
01/21/2014,$78.4385
01/17/2014,$77.2385
01/16/2014,$79.1785
01/15/2014,$79.6228
01/14/2014,$78.0557
01/13/2014,$76.5328
01/10/2014,$76.1343
01/09/2014,$76.6455
01/08/2014,$77.6371
01/07/2014,$77.1482
01/06/2014,$77.7043
01/03/2014,$77.2828
01/02/2014,$79.0185
12/31/2013,$80.1457
12/30/2013,$79.2171
12/27/2013,$80.0128
12/26/2013,$80.5571
12/24/2013,$81.0957
12/23/2013,$81.4414
12/20/2013,$78.4314
12/19/2013,$77.78
12/18/2013,$78.6814
12/17/2013,$79.2843
12/16/2013,$79.6428
12/13/2013,$79.2043
12/12/2013,$80.0771
12/11/2013,$80.1943
12/10/2013,$80.7928
12/09/2013,$80.9185
12/06/2013,$80.0028
12/05/2013,$81.1287
12/04/2013,$80.7143
12/03/2013,$80.9031
12/02/2013,$78.7471
11/29/2013,$79.4385
11/27/2013,$77.9943
11/26/2013,$76.2
11/25/2013,$74.82
11/22/2013,$74.2571
11/21/2013,$74.448
11/20/2013,$73.5714
11/19/2013,$74.2214
11/18/2013,$74.0898
11/15/2013,$74.9987
11/14/2013,$75.4514
11/13/2013,$74.3763
11/12/2013,$74.2871
11/11/2013,$74.1497
11/08/2013,$74.3657
11/07/2013,$73.2131
11/06/2013,$74.4171
11/05/2013,$75.0641
11/04/2013,$75.25
11/01/2013,$74.29
10/31/2013,$74.6717
10/30/2013,$74.9851
10/29/2013,$73.8111
10/28/2013,$75.6965
10/25/2013,$75.1368
10/24/2013,$75.9871
10/23/2013,$74.9943
10/22/2013,$74.2668
10/21/2013,$74.4803
10/18/2013,$72.6985
10/17/2013,$72.0714
10/16/2013,$71.5877
10/15/2013,$71.24
10/14/2013,$70.8628
10/11/2013,$70.4017
10/10/2013,$69.9483
10/09/2013,$69.5126
10/08/2013,$68.7057
10/07/2013,$69.6786
10/04/2013,$69.0043
10/03/2013,$69.0586
10/02/2013,$69.9371
10/01/2013,$69.7086
09/30/2013,$68.1071
09/27/2013,$68.9643
09/26/2013,$69.46
09/25/2013,$68.79
09/24/2013,$69.8714
09/23/2013,$70.0914
09/20/2013,$66.7728
09/19/2013,$67.4714
09/18/2013,$66.3828
09/17/2013,$65.0457
09/16/2013,$64.3028
09/13/2013,$66.4143
09/12/2013,$67.5271
09/11/2013,$66.8157
09/10/2013,$70.6628
09/09/2013,$72.31
09/06/2013,$71.1743
09/05/2013,$70.7528
09/04/2013,$71.2416
09/03/2013,$69.7971
08/30/2013,$69.6023
08/29/2013,$70.2428
08/28/2013,$70.128
08/27/2013,$69.7986
08/26/2013,$71.8528
08/23/2013,$71.5743
08/22/2013,$71.8514
08/21/2013,$71.7657
08/20/2013,$71.5814
08/19/2013,$72.5343
08/16/2013,$71.7614
08/15/2013,$71.13
08/14/2013,$71.2143
08/13/2013,$69.9386
08/12/2013,$66.7657
08/09/2013,$64.9214
08/08/2013,$65.8586
08/07/2013,$66.4257
08/06/2013,$66.4643
08/05/2013,$67.0643
08/02/2013,$66.0771
08/01/2013,$65.2394
07/31/2013,$64.6471
07/30/2013,$64.76
07/29/2013,$63.97
07/26/2013,$62.9986
07/25/2013,$62.6428
07/24/2013,$62.93
07/23/2013,$59.8557
07/22/2013,$60.9014
07/19/2013,$60.7071
07/18/2013,$61.6797
07/17/2013,$61.4728
07/16/2013,$61.4564
07/15/2013,$61.0628
07/12/2013,$60.93
07/11/2013,$61.0411
07/10/2013,$60.1043
07/09/2013,$60.3357
07/08/2013,$59.2928
07/05/2013,$59.6314
07/03/2013,$60.1143
07/02/2013,$59.7843
07/01/2013,$58.46
06/28/2013,$56.6471
06/27/2013,$56.2543
06/26/2013,$56.8671
06/25/2013,$57.5186
06/24/2013,$57.5057
06/21/2013,$59.0714
06/20/2013,$59.5483
06/19/2013,$60.4286
06/18/2013,$61.6814
06/17/2013,$61.7143
06/14/2013,$61.4357
06/13/2013,$62.2807
06/12/2013,$61.7414
06/11/2013,$62.5143
06/10/2013,$62.6986
06/07/2013,$63.1158
06/06/2013,$62.6371
06/05/2013,$63.5871
06/04/2013,$64.1871
06/03/2013,$64.3886
05/31/2013,$64.2478
05/30/2013,$64.5114
05/29/2013,$63.5643
05/28/2013,$63.0627
05/24/2013,$63.5928
05/23/2013,$63.1628
05/22/2013,$63.0506
05/21/2013,$62.8086
05/20/2013,$63.2757
05/17/2013,$61.8943
05/16/2013,$62.0826
05/15/2013,$61.2643
05/14/2013,$63.4086
05/13/2013,$64.9628
05/10/2013,$64.71
05/09/2013,$65.2528
05/08/2013,$66.2628
05/07/2013,$65.5226
05/06/2013,$65.8157
05/03/2013,$64.2828
05/02/2013,$63.6457
05/01/2013,$62.7557
04/30/2013,$63.2543
04/29/2013,$61.4457
04/26/2013,$59.6007
04/25/2013,$58.34
04/24/2013,$57.9231
04/23/2013,$58.0186
04/22/2013,$56.9528
04/19/2013,$55.79
04/18/2013,$56.0071
04/17/2013,$57.5428
04/16/2013,$60.8914
04/15/2013,$59.9786
04/12/2013,$61.4
04/11/2013,$62.0471
04/10/2013,$62.2414
04/09/2013,$60.9971
04/08/2013,$60.8871
04/05/2013,$60.4571
04/04/2013,$61.1028
04/03/2013,$61.7128
04/02/2013,$61.3988
04/01/2013,$61.2728
03/28/2013,$63.2371
03/27/2013,$64.5828
03/26/2013,$65.8766
03/25/2013,$66.2257
03/22/2013,$65.9871
03/21/2013,$64.6757
03/20/2013,$64.5828
03/19/2013,$64.9271
03/18/2013,$65.1028
03/15/2013,$63.38
03/14/2013,$61.7857
03/13/2013,$61.1928
03/12/2013,$61.2043
03/11/2013,$62.5528
03/08/2013,$61.6743
03/07/2013,$61.5117
03/06/2013,$60.8088
03/05/2013,$61.592
03/04/2013,$60.0071
03/01/2013,$61.4957
02/28/2013,$63.0571
02/27/2013,$63.51
02/26/2013,$64.1386
02/25/2013,$63.2571
02/22/2013,$64.4014
02/21/2013,$63.7228
02/20/2013,$64.1214
02/19/2013,$65.7128
02/15/2013,$65.7371
02/14/2013,$66.6557
02/13/2013,$66.7157
02/12/2013,$66.8428
02/11/2013,$68.5614
02/08/2013,$67.8543
02/07/2013,$66.8886
02/06/2013,$65.3357
02/05/2013,$65.4063
02/04/2013,$63.188
02/01/2013,$64.8028
01/31/2013,$65.07
01/30/2013,$65.2614
01/29/2013,$65.4671
01/28/2013,$64.2614
01/25/2013,$62.84
01/24/2013,$64.3571
01/23/2013,$73.4293
01/22/2013,$72.11
01/18/2013,$71.4285
01/17/2013,$71.8114
01/16/2013,$72.2985
01/15/2013,$69.4171
01/14/2013,$71.6785
01/11/2013,$74.3285
01/10/2013,$74.7871
01/09/2013,$73.8714
01/08/2013,$75.0443
01/07/2013,$74.8428
01/04/2013,$75.2857
01/03/2013,$77.4422
01/02/2013,$78.4328
12/31/2012,$76.0247
12/28/2012,$72.7984
12/27/2012,$73.58
12/26/2012,$73.2856
12/24/2012,$74.3097
12/21/2012,$74.19
12/20/2012,$74.5329
12/19/2012,$75.1871
12/18/2012,$76.2714
12/17/2012,$74.1185
12/14/2012,$72.8277
12/13/2012,$75.67
12/12/2012,$77
12/11/2012,$77.3411
12/10/2012,$75.6887
12/07/2012,$76.1785
12/06/2012,$78.1778
12/05/2012,$76.9703
12/04/2012,$82.2636
12/03/2012,$83.7414
11/30/2012,$83.6114
11/29/2012,$84.1943
11/28/2012,$83.2771
11/27/2012,$83.54
11/26/2012,$84.2185
11/23/2012,$81.6428
11/21/2012,$80.2428
11/20/2012,$80.1305
11/19/2012,$80.8185
11/16/2012,$75.3825
11/15/2012,$75.0885
11/14/2012,$76.6971
11/13/2012,$77.5568
11/12/2012,$77.5471
11/09/2012,$78.1514
11/08/2012,$76.8214
11/07/2012,$79.7145
11/06/2012,$83.2642
11/05/2012,$83.5173
11/02/2012,$82.4
11/01/2012,$85.22
10/31/2012,$85.0457
10/26/2012,$86.2857
10/25/2012,$87.0768
10/24/2012,$88.1185
10/23/2012,$87.6222
10/22/2012,$90.5757
10/19/2012,$87.12
10/18/2012,$90.3771
10/17/2012,$92.0876
10/16/2012,$92.8275
10/15/2012,$90.68
10/12/2012,$89.9591
10/11/2012,$89.7285
10/10/2012,$91.5585
10/09/2012,$90.8357
10/08/2012,$91.1671
10/05/2012,$93.2271
10/04/2012,$95.2571
10/03/2012,$95.9214
10/02/2012,$94.4728
10/01/2012,$94.1985
09/28/2012,$95.3007
09/27/2012,$97.3314
09/26/2012,$95.0257
09/25/2012,$96.22
09/24/2012,$98.6843
09/21/2012,$100.0135
09/20/2012,$99.8143
09/19/2012,$100.3
09/18/2012,$100.2728
09/17/2012,$99.9687
09/14/2012,$98.7543
09/13/2012,$97.5685
09/12/2012,$95.6843
09/11/2012,$94.37
09/10/2012,$94.6771
09/07/2012,$97.2057
09/06/2012,$96.61
09/05/2012,$95.7471
09/04/2012,$96.4243
08/31/2012,$95.0343
08/30/2012,$94.8383
08/29/2012,$96.2094
08/28/2012,$96.4
08/27/2012,$96.5257
08/24/2012,$94.746
08/23/2012,$94.6614
08/22/2012,$95.5528
08/21/2012,$93.7231
08/20/2012,$95.0214
08/17/2012,$92.5871
08/16/2012,$90.9057
08/15/2012,$90.1185
08/14/2012,$90.2414
08/13/2012,$90
08/10/2012,$88.8143
08/09/2012,$88.6757
08/08/2012,$88.5514
08/07/2012,$88.702
08/06/2012,$88.9357
08/03/2012,$87.9571
08/02/2012,$86.8271
08/01/2012,$86.6871
07/31/2012,$87.2514
07/30/2012,$85.0043
07/27/2012,$83.5943
07/26/2012,$82.1257
07/25/2012,$82.1385
07/24/2012,$85.8457
07/23/2012,$86.2614
07/20/2012,$86.3285
07/19/2012,$87.76
07/18/2012,$86.6085
07/17/2012,$86.7057
07/16/2012,$86.7014
07/13/2012,$86.4243
07/12/2012,$85.5571
07/11/2012,$86.3471
07/10/2012,$86.8871
07/09/2012,$87.6985
07/06/2012,$86.5543
07/05/2012,$87.1343
07/03/2012,$85.63
07/02/2012,$84.6457
06/29/2012,$83.4285
06/28/2012,$81.2928
06/27/2012,$82.0714
06/26/2012,$81.7178
06/25/2012,$81.5378
06/22/2012,$83.1571
06/21/2012,$82.5243
06/20/2012,$83.6773
06/19/2012,$83.9157
06/18/2012,$83.6828
06/15/2012,$82.0185
06/14/2012,$81.6471
06/13/2012,$81.7371
06/12/2012,$82.3085
06/11/2012,$81.5957
06/08/2012,$82.9028
06/07/2012,$81.6743
06/06/2012,$81.6371
06/05/2012,$80.4043
06/04/2012,$80.6128
06/01/2012,$80.1414
05/31/2012,$82.5328
05/30/2012,$82.7385
05/29/2012,$81.7528
05/25/2012,$80.3271
05/24/2012,$80.76
05/23/2012,$81.5085
05/22/2012,$79.5671
05/21/2012,$80.1828
05/18/2012,$75.7685
05/17/2012,$75.7314
05/16/2012,$78.0107
05/15/2012,$79.0243
05/14/2012,$79.7457
05/11/2012,$80.9585
05/10/2012,$81.5028
05/09/2012,$81.3114
05/08/2012,$81.1685
05/07/2012,$81.3543
05/04/2012,$80.75
05/03/2012,$83.1171
05/02/2012,$83.7114
05/01/2012,$83.1614
04/30/2012,$83.4257
04/27/2012,$86.1428
04/26/2012,$86.8143
04/25/2012,$87.1428
04/24/2012,$80.04
04/23/2012,$81.6714
04/20/2012,$81.8543
04/19/2012,$83.92
04/18/2012,$86.9057
04/17/2012,$87.1
04/16/2012,$82.8757
04/13/2012,$86.4614
04/12/2012,$88.9671
04/11/2012,$89.4571
04/10/2012,$89.7771
04/09/2012,$90.89
04/05/2012,$90.5257
04/04/2012,$89.1871
04/03/2012,$89.9028
04/02/2012,$88.3757
03/30/2012,$85.65
03/29/2012,$87.1228
03/28/2012,$88.2314
03/27/2012,$87.7828
03/26/2012,$86.7114
03/23/2012,$85.15
03/22/2012,$85.62
03/21/2012,$86.0714
03/20/2012,$86.5657
03/19/2012,$85.8714
03/16/2012,$83.6528
03/15/2012,$83.6514
03/14/2012,$84.2257
03/13/2012,$81.1571
03/12/2012,$78.8571
03/09/2012,$77.8814
03/08/2012,$77.4271
03/07/2012,$75.8128
03/06/2012,$75.7514
03/05/2012,$76.1657
03/02/2012,$77.8828
03/01/2012,$77.7814
02/29/2012,$77.4914
02/28/2012,$76.4871
02/27/2012,$75.1085
02/24/2012,$74.63
02/23/2012,$73.77
02/22/2012,$73.2914
02/21/2012,$73.55
02/17/2012,$71.7314
02/16/2012,$71.7443
02/15/2012,$71.0957
02/14/2012,$72.78
02/13/2012,$71.8
02/10/2012,$70.4886
02/09/2012,$70.4528
02/08/2012,$68.0971
02/07/2012,$66.9757
02/06/2012,$66.2814
02/03/2012,$65.6686
02/02/2012,$65.0171
02/01/2012,$65.17
01/31/2012,$65.2114
01/30/2012,$64.7157
01/27/2012,$63.8971
01/26/2012,$63.5186
01/25/2012,$63.8086
01/24/2012,$60.0586
01/23/2012,$61.0584
01/20/2012,$60.0428
01/19/2012,$61.1071
01/18/2012,$61.3014
01/17/2012,$60.6714
01/13/2012,$59.9728
01/12/2012,$60.1986
01/11/2012,$60.3643
01/10/2012,$60.4628
01/09/2012,$60.2471
01/06/2012,$60.3428
01/05/2012,$59.7186
01/04/2012,$59.0628
01/03/2012,$58.7471
12/30/2011,$57.8571
12/29/2011,$57.8743
12/28/2011,$57.52
12/27/2011,$58.0757
12/23/2011,$57.6186
12/22/2011,$56.9357
12/21/2011,$56.635
12/20/2011,$56.5643
12/19/2011,$54.6014
12/16/2011,$54.4314
12/15/2011,$54.1343
12/14/2011,$54.3128
12/13/2011,$55.5443
12/12/2011,$55.9771
12/09/2011,$56.2314
12/08/2011,$55.8086
12/07/2011,$55.5843
12/06/2011,$55.85
12/05/2011,$56.1443
12/02/2011,$55.6714
12/01/2011,$55.4186
11/30/2011,$54.6
11/29/2011,$53.3143
11/28/2011,$53.7314
11/25/2011,$51.9386
11/23/2011,$52.4271
11/22/2011,$53.7871
11/21/2011,$52.7157
11/18/2011,$53.5628
11/17/2011,$53.9157
11/16/2011,$54.9671
11/15/2011,$55.5471
11/14/2011,$54.18
11/11/2011,$54.9457
11/10/2011,$55.0314
11/09/2011,$56.4686
11/08/2011,$58.0328
11/07/2011,$57.1043
11/04/2011,$57.1771
11/03/2011,$57.5814
11/02/2011,$56.7728
11/01/2011,$56.6443
10/31/2011,$57.8257
10/28/2011,$57.85
10/27/2011,$57.8128
10/26/2011,$57.2286
10/25/2011,$56.8243
10/24/2011,$57.9671
10/21/2011,$56.1243
10/20/2011,$56.4728
10/19/2011,$56.9457
10/18/2011,$60.32
10/17/2011,$59.9986
10/14/2011,$60.2857
10/13/2011,$58.3471
10/12/2011,$57.4557
10/11/2011,$57.1843
10/10/2011,$55.5443
10/07/2011,$52.8286
10/06/2011,$53.91
10/05/2011,$54.0357
10/04/2011,$53.2143
10/03/2011,$53.5143
09/30/2011,$54.4743
09/29/2011,$55.7957
09/28/2011,$56.7157
09/27/2011,$57.0371
09/26/2011,$57.5957
09/23/2011,$57.7571
09/22/2011,$57.4028
09/21/2011,$58.8771
09/20/2011,$59.0643
09/19/2011,$58.8043
09/16/2011,$57.2143
09/15/2011,$56.1371
09/14/2011,$55.6143
09/13/2011,$54.9457
09/12/2011,$54.2771
09/09/2011,$53.9257
09/08/2011,$54.8771
09/07/2011,$54.8471
09/06/2011,$54.2486
09/02/2011,$53.4357
09/01/2011,$54.4328
08/31/2011,$54.9757
08/30/2011,$55.7128
08/29/2011,$55.71
08/26/2011,$54.7971
08/25/2011,$53.3886
08/24/2011,$53.74
08/23/2011,$53.3714
08/22/2011,$50.92
08/19/2011,$50.8614
08/18/2011,$52.2928
08/17/2011,$54.3486
08/16/2011,$54.3543
08/15/2011,$54.7728
08/12/2011,$53.8557
08/11/2011,$53.3857
08/10/2011,$51.9557
08/09/2011,$53.43
08/08/2011,$50.4586
08/05/2011,$53.3743
08/04/2011,$53.91
08/03/2011,$56.0814
08/02/2011,$55.5586
08/01/2011,$56.6786
07/29/2011,$55.7828
07/28/2011,$55.9743
07/27/2011,$56.0843
07/26/2011,$57.63
07/25/2011,$56.9286
07/22/2011,$56.1857
07/21/2011,$55.3271
07/20/2011,$55.2714
07/19/2011,$53.8357
07/18/2011,$53.4
07/15/2011,$52.1314
07/14/2011,$51.11
07/13/2011,$51.1457
07/12/2011,$50.5357
07/11/2011,$50.5714
07/08/2011,$51.3871
07/07/2011,$51.0286
07/06/2011,$50.2514
07/05/2011,$49.9186
07/01/2011,$49.0371
06/30/2011,$47.9528
06/29/2011,$47.72
06/28/2011,$47.8943
06/27/2011,$47.4343
06/24/2011,$46.6214
06/23/2011,$47.3186
06/22/2011,$46.0871
06/21/2011,$46.4714
06/20/2011,$45.0457
06/17/2011,$45.7514
06/16/2011,$46.4514
06/15/2011,$46.6786
06/14/2011,$47.4914
06/13/2011,$46.6571
06/10/2011,$46.5571
06/09/2011,$47.3557
06/08/2011,$47.4628
06/07/2011,$47.4343
06/06/2011,$48.2914
06/03/2011,$49.0628
06/02/2011,$49.4431
06/01/2011,$49.3586
05/31/2011,$49.69
05/27/2011,$48.2014
05/26/2011,$47.8571
05/25/2011,$48.1114
05/24/2011,$47.4557
05/23/2011,$47.7714
05/20/2011,$47.8886
05/19/2011,$48.6471
05/18/2011,$48.5528
05/17/2011,$48.02
05/16/2011,$47.6143
05/13/2011,$48.6428
05/12/2011,$49.51
05/11/2011,$49.6043
05/10/2011,$49.9214
05/09/2011,$49.6571
05/06/2011,$49.5228
05/05/2011,$49.5357
05/04/2011,$49.9386
05/03/2011,$49.7428
05/02/2011,$49.4686
04/29/2011,$50.0186
04/28/2011,$49.5357
04/27/2011,$50.0214
04/26/2011,$50.06
04/25/2011,$50.4298
04/21/2011,$50.0994
04/20/2011,$48.9157
04/19/2011,$48.2657
04/18/2011,$47.4071
04/15/2011,$46.78
04/14/2011,$47.4886
04/13/2011,$48.0186
04/12/2011,$47.4857
04/11/2011,$47.2571
04/08/2011,$47.8657
04/07/2011,$48.2971
04/06/2011,$48.2914
04/05/2011,$48.4128
04/04/2011,$48.7414
04/01/2011,$49.2228
03/31/2011,$49.7868
03/30/2011,$49.8043
03/29/2011,$50.1371
03/28/2011,$50.0628
03/25/2011,$50.22
03/24/2011,$49.2814
03/23/2011,$48.4557
03/22/2011,$48.7428
03/21/2011,$48.4714
03/18/2011,$47.2386
03/17/2011,$47.8057
03/16/2011,$47.1443
03/15/2011,$49.3471
03/14/2011,$50.5086
03/11/2011,$50.2843
03/10/2011,$49.5243
03/09/2011,$50.3528
03/08/2011,$50.8228
03/07/2011,$50.7657
03/04/2011,$51.4286
03/03/2011,$51.3657
03/02/2011,$50.3028
03/01/2011,$49.9014
02/28/2011,$50.4586
02/25/2011,$49.7371
02/24/2011,$48.9828
02/23/2011,$48.9457
02/22/2011,$48.3728
02/18/2011,$50.08
02/17/2011,$51.1857
02/16/2011,$51.8757
02/15/2011,$51.4143
02/14/2011,$51.3114
02/11/2011,$50.9786
02/10/2011,$50.6486
02/09/2011,$51.1657
02/08/2011,$50.7428
02/07/2011,$50.2686
02/04/2011,$49.5
02/03/2011,$49.0628
02/02/2011,$49.1886
02/01/2011,$49.29
01/31/2011,$48.4743
01/28/2011,$48.0143
01/27/2011,$49.03
01/26/2011,$49.1214
01/25/2011,$48.7714
01/24/2011,$48.2071
01/21/2011,$46.6743
01/20/2011,$47.5257
01/19/2011,$48.4057
01/18/2011,$48.6643
01/14/2011,$49.7828
01/13/2011,$49.3828
01/12/2011,$49.2028
01/11/2011,$48.8057
01/10/2011,$48.9221
01/07/2011,$48.0171
01/06/2011,$47.6757
01/05/2011,$47.7143
01/04/2011,$47.3271
01/03/2011,$47.0814
12/31/2010,$46.08
12/30/2010,$46.2371
12/29/2010,$46.47
12/28/2010,$46.4957
12/27/2010,$46.3828
12/23/2010,$46.2286
12/22/2010,$46.4514
12/21/2010,$46.315
12/20/2010,$46.03
12/17/2010,$45.8014
12/16/2010,$45.8928
12/15/2010,$45.7657
12/14/2010,$45.7557
12/13/2010,$45.9528
12/10/2010,$45.7943
12/09/2010,$45.6796
12/08/2010,$45.8586
12/07/2010,$45.4586
12/06/2010,$45.7357
12/03/2010,$45.3486
12/02/2010,$45.45
12/01/2010,$45.2
11/30/2010,$44.45
11/29/2010,$45.2671
11/26/2010,$45
11/24/2010,$44.9707
11/23/2010,$44.1043
11/22/2010,$44.7657
11/19/2010,$43.8186
11/18/2010,$44.0614
11/17/2010,$42.9286
11/16/2010,$43.0843
11/15/2010,$43.8621
11/12/2010,$44.0043
11/11/2010,$45.2364
11/10/2010,$45.4328
11/09/2010,$45.1543
11/08/2010,$45.5171
11/05/2010,$45.3043
11/04/2010,$45.4671
11/03/2010,$44.6857
11/02/2010,$44.1943
11/01/2010,$43.4543
10/29/2010,$42.9971
10/28/2010,$43.6057
10/27/2010,$43.9757
10/26/2010,$44.0071
10/25/2010,$44.12
10/22/2010,$43.9243
10/21/2010,$44.2171
10/20/2010,$44.3614
10/19/2010,$44.2128
10/18/2010,$45.4286
10/15/2010,$44.9628
10/14/2010,$43.1871
10/13/2010,$42.8771
10/12/2010,$42.6486
10/11/2010,$42.1943
10/08/2010,$42.01
10/07/2010,$41.3171
10/06/2010,$41.3128
10/05/2010,$41.2771
10/04/2010,$39.8057
10/01/2010,$40.36
09/30/2010,$40.5357
09/29/2010,$41.0528
09/28/2010,$40.98
09/27/2010,$41.5948
09/24/2010,$41.76
09/23/2010,$41.2743
09/22/2010,$41.1071
09/21/2010,$40.5386
09/20/2010,$40.4614
09/17/2010,$39.3386
09/16/2010,$39.51
09/15/2010,$38.6028
09/14/2010,$38.2943
09/13/2010,$38.1486
09/10/2010,$37.63
09/09/2010,$37.5814
09/08/2010,$37.56
09/07/2010,$36.83
09/03/2010,$36.9671
09/02/2010,$36.0243
09/01/2010,$35.7614
08/31/2010,$34.7286
08/30/2010,$34.6428
08/27/2010,$34.5171
08/26/2010,$34.3257
08/25/2010,$34.6986
08/24/2010,$34.2757
08/23/2010,$35.1143
08/20/2010,$35.6628
08/19/2010,$35.6971
08/18/2010,$36.1528
08/17/2010,$35.9957
08/16/2010,$35.3771
08/13/2010,$35.5857
08/12/2010,$35.97
08/11/2010,$35.7414
08/10/2010,$37.0586
08/09/2010,$37.3928
08/06/2010,$37.1558
08/05/2010,$37.3857
08/04/2010,$37.5686
08/03/2010,$37.4186
08/02/2010,$37.4071
07/30/2010,$36.75
07/29/2010,$36.8728
07/28/2010,$37.28
07/27/2010,$37.7257
07/26/2010,$37.04
07/23/2010,$37.1343
07/22/2010,$37.0034
07/21/2010,$36.32
07/20/2010,$35.9843
07/19/2010,$35.0828
07/16/2010,$35.7
07/15/2010,$35.9214
07/14/2010,$36.1038
07/13/2010,$35.9711
07/12/2010,$36.755
07/09/2010,$37.0886
07/08/2010,$36.87
07/07/2010,$36.9521
07/06/2010,$35.5186
07/02/2010,$35.2771
07/01/2010,$35.4971
06/30/2010,$35.9328
06/29/2010,$36.5957
06/28/2010,$38.3286
06/25/2010,$38.1
06/24/2010,$38.4286
06/23/2010,$38.71
06/22/2010,$39.1214
06/21/2010,$38.5957
06/18/2010,$39.1534
06/17/2010,$38.8386
06/16/2010,$38.1786
06/15/2010,$37.0986
06/14/2010,$36.3257
06/11/2010,$36.2157
06/10/2010,$35.7871
06/09/2010,$34.7428
06/08/2010,$35.6186
06/07/2010,$35.8486
06/04/2010,$36.5664
06/03/2010,$37.5886
06/02/2010,$37.7071
06/01/2010,$37.2614
05/28/2010,$36.6971
05/27/2010,$36.1928
05/26/2010,$34.8727
05/25/2010,$35.0314
05/24/2010,$35.2514
05/21/2010,$34.6171
05/20/2010,$33.9657
05/19/2010,$35.4771
05/18/2010,$36.0514
05/17/2010,$36.3171
05/14/2010,$36.26
05/13/2010,$36.9086
05/12/2010,$37.4414
05/11/2010,$36.6457
05/10/2010,$36.2843
05/07/2010,$33.6943
05/06/2010,$35.1786
05/05/2010,$36.5693
05/04/2010,$36.9543
05/03/2010,$38.05
04/30/2010,$37.2986
04/29/2010,$38.3771
04/28/2010,$37.3714
04/27/2010,$37.4343
04/26/2010,$38.5
04/23/2010,$38.69
04/22/2010,$38.0671
04/21/2010,$37.0314
04/20/2010,$34.9414
04/19/2010,$35.2957
04/16/2010,$35.3428
04/15/2010,$35.56
04/14/2010,$35.0986
04/13/2010,$34.6328
04/12/2010,$34.6128
04/09/2010,$34.5414
04/08/2010,$34.2786
04/07/2010,$34.3714
04/06/2010,$34.22
04/05/2010,$34.07
04/01/2010,$33.71
03/31/2010,$33.5714
03/30/2010,$33.6921
03/29/2010,$33.1986
03/26/2010,$32.9857
03/25/2010,$32.3786
03/24/2010,$32.7671
03/23/2010,$32.6228
03/22/2010,$32.1071
03/19/2010,$31.75
03/18/2010,$32.0928
03/17/2010,$32.0171
03/16/2010,$32.0643
03/15/2010,$31.9771
03/12/2010,$32.3714
03/11/2010,$32.2143
03/10/2010,$32.12
03/09/2010,$31.86
03/08/2010,$31.2971
03/05/2010,$31.2786
03/04/2010,$30.1014
03/03/2010,$29.9043
03/02/2010,$29.8357
03/01/2010,$29.8557